<?xml version="1.0" encoding="UTF-8"?>
<!DOCTYPE fontscolors PUBLIC "-//NetBeans//DTD Editor Fonts and Colors settings 1.2//EN" "https://netbeans.apache.org/dtds/EditorFontsColors-1_2.dtd">
<fontscolors>
    <fontcolor bgColor="ffeceba3" foreColor="darkGray" name="mark-occurrences"/>
    <fontcolor foreColor="ff007c00" name="markup-attribute"/>
    <fontcolor name="private"/>
    <fontcolor foreColor="ff00ffcc" name="string"/>
    <fontcolor bgColor="red" name="deprecated" strikeThrough="darkGray"/>
    <fontcolor bgColor="ffff6666" foreColor="white" name="error"/>
    <fontcolor name="interface"/>
    <fontcolor foreColor="pink" name="entity-reference"/>
    <fontcolor foreColor="ff66cc00" name="operator"/>
    <fontcolor foreColor="ffad81ff" name="number"/>
    <fontcolor bgColor="ff161d1e" foreColor="yellow" name="default">
        <font name="Monospaced" size="20"/>
    </fontcolor>
    <fontcolor name="protected"/>
    <fontcolor name="public"/>
    <fontcolor foreColor="blue" name="method-parameter">
        <font style="italic"/>
    </fontcolor>
    <fontcolor name="warning" waveUnderlined="yellow"/>
    <fontcolor foreColor="fffa82fa" name="keyword"/>
    <fontcolor foreColor="cyan" name="class">
        <font style="italic"/>
    </fontcolor>
    <fontcolor name="local-variable"/>
    <fontcolor foreColor="white" name="identifier"/>
    <fontcolor name="static">
        <font style="italic"/>
    </fontcolor>
    <fontcolor foreColor="orange" name="method">
        <font style="bold"/>
    </fontcolor>
    <fontcolor name="constructor">
        <font style="bold"/>
    </fontcolor>
    <fontcolor foreColor="orange" name="markup-element"/>
    <fontcolor default="string" name="markup-attribute-value"/>
    <fontcolor foreColor="blue" name="abstract"/>
    <fontcolor foreColor="lightGray" name="separator"/>
    <fontcolor name="enum"/>
    <fontcolor name="url" underline="ff4e5d93"/>
    <fontcolor foreColor="ff098618" name="field">
        <font style="bold"/>
    </fontcolor>
    <fontcolor foreColor="yellow" name="char"/>
    <fontcolor foreColor="gray" name="comment">
        <font size="16"/>
    </fontcolor>
    <fontcolor foreColor="gray" name="unused" waveUnderlined="pink"/>
    <fontcolor name="whitespace"/>
</fontscolors>
